<?xml version="1.0" encoding="UTF-8"?>
<project-private xmlns="http://www.netbeans.org/ns/project-private/1">
    <editor-bookmarks xmlns="http://www.netbeans.org/ns/editor-bookmarks/2" lastBookmarkId="0"/>
    <open-files xmlns="http://www.netbeans.org/ns/projectui-open-files/2">
        <group>
            <file>file:/C:/xampp/htdocs/OrdenesDeCompra/js/gridfunction.js</file>
            <file>file:/C:/xampp/htdocs/OrdenesDeCompra/Index.php</file>
            <file>file:/C:/xampp/htdocs/OrdenesDeCompra/Ordenes_de_Compra_V2.html</file>
            <file>file:/C:/xampp/htdocs/OrdenesDeCompra/PodioServices.php</file>
        </group>
    </open-files>
</project-private>
